url,name,address,city,state,phone
http://www.bakercpas.com/,Results,"îƒˆ425 N Wilcox St Ste #120, Castle Rock, CO 80104",Castle Rock,CO,î‚°(303) 688-1040
http://www.castlerock-tax.com/,Results,"îƒˆ3740 Dacoro Ln Ste 150, Castle Rock, CO 80109",Castle Rock,CO,î‚°(303) 688-8680
http://www.anderkobes.com/,Results,"îƒˆ1 Oakwood Park Plaza #205, Castle Rock, CO 80104",Castle Rock,CO,î‚°(303) 688-2751
https://townsleyandassociates.com/,Results,"îƒˆ757 Maleta Ln STE 104, Castle Rock, CO 80108",Castle Rock,CO,î‚°(303) 688-1348
http://www.coloradoaccountingsolutions.com/,Results,"îƒˆ19753 Pikes Peak Avenue Unit 202, Parker, CO 80138",Parker,CO,î‚°(720) 260-4785
http://clarkacctg.com/,Results,"îƒˆ865 S Park Dr, Monument, CO 80132",Monument,CO,î‚°(719) 488-8120
https://rmwaccounting.com/offices/woodland-park-co/,Results,"îƒˆ1200 US-24, Woodland Park, CO 80863",Woodland Park,CO,î‚°(719) 687-1040
http://www.mjpenistoncpa.com/,Results,"îƒˆ5550 Tech Center Dr Ste 308A, Colorado Springs, CO 80919",Colorado Springs,CO,î‚°(719) 574-7930
https://www.castlerockcpa.com/,Results,"îƒˆ115 Wilcox St STE 307, Castle Rock, CO 80104",Castle Rock,CO,î‚°(303) 209-9417
https://www.breckenbusinesssolutions.com/,Results,"îƒˆ85 Rio Grande Dr, Castle Rock, CO 80104",Castle Rock,CO,î‚°(303) 882-3430
http://www.messarigroup.com/,Results,"îƒˆ1180 Village Ridge Point Suite B, Monument, CO 80132",Monument,CO,î‚°(719) 425-8322
http://www.numeric-strategies.com/,Results,"îƒˆ47 3rd St C, Monument, CO 80132",Monument,CO,î‚°(719) 481-2623
https://www.cpacastlerock.com/,Results,"îƒˆ20 Wilcox St Suite 106, Castle Rock, CO 80104",Castle Rock,CO,î‚°(720) 287-0992
http://www.bowencpa.us/,Results,"îƒˆ400 W Midland Ave Suite 250B, Woodland Park, CO 80863",Woodland Park,CO,î‚°(719) 687-1925
http://www.lockhartandcompany.com/,Results,"îƒˆ1915 Democracy Point Ste 202, Colorado Springs, CO 80908",Colorado Springs,CO,î‚°(719) 578-8200
https://www.duncancocpa.com/,Results,"îƒˆ19402 Mainstreet, Parker, CO 80138",Parker,CO,î‚°(303) 386-5200
https://wcginc.com/,Results,"îƒˆ2393 Flying Horse Club Dr, Colorado Springs, CO 80921",Colorado Springs,CO,î‚°(719) 387-9800
https://www.tightlinescpa.com/,Results,"îƒˆ115 Wilcox St Suite 220, Castle Rock, CO 80104",Castle Rock,CO,î‚°(303) 550-9385
https://thebookkeepingcpa.com/,Results,"îƒˆ5987 High Timber Cir, Castle Rock, CO 80104",Castle Rock,CO,î‚°(720) 842-7422
https://inclineaccounting.com/,Results,"îƒˆ1832 Woodmoor Dr #201, Monument, CO 80132",Monument,CO,î‚°(719) 993-8347
https://www.nguyencpas.com/,Results,"îƒˆ9000 E Nichols Ave Unit 225, Centennial, CO 80112",Centennial,CO,î‚°(720) 819-6109
http://coloradobusinesscpa.com/,Results,"îƒˆThe Edward Building, 8400 E Prentice Ave #1401, Greenwood Village, CO 80111",Greenwood Village,CO,î‚°(800) 504-0272
http://www.thefortcpa.com/,Results,"îƒˆ407 Wilcox St, Castle Rock, CO 80104",Castle Rock,CO,î‚°(303) 688-0375
https://omniaccountingsolutions.com/,Results,"îƒˆ1495 Cipriani Loop #120, Monument, CO 80132",Monument,CO,î‚°(719) 322-6018
http://www.scottportercorp.com/,Results,"îƒˆ7730 N Union Blvd Suite 205, Colorado Springs, CO 80920",Colorado Springs,CO,î‚°(719) 426-9360
http://www.peakviewcpas.com/,Results,"îƒˆ3705 N Grant Ave, Loveland, CO 80538",Loveland,CO,î‚°(970) 667-0392
http://www.cpacoloradosprings.com/,Results,"îƒˆ7222 Commerce Center Dr Suite 220, Colorado Springs, CO 80919",Colorado Springs,CO,î‚°(719) 785-4864
https://www.garrettcpaparker.com/,Results,"îƒˆ12900 Stroh Ranch Pl Ste 250, Parker, CO 80134",Parker,CO,î‚°(720) 303-3010
http://www.sikora-cpa.com/,Results,"îƒˆ3716 Galley Rd, Colorado Springs, CO 80909",Colorado Springs,CO,î‚°(719) 633-8266
https://www.bennettcpallc.com/,Results,"îƒˆ2337 Prairie Smoke Dr, Monument, CO 80132",Monument,CO,î‚°(719) 357-7231
https://citadelcpa.com/,Results,"îƒˆ2 Inverness Dr E Ste 105, Centennial, CO 80112",Centennial,CO,î‚°(303) 803-1682
http://www.albertcpa.com/,Results,"îƒˆ7501 Village Square Dr STE 102, Castle Pines, CO 80108",Castle Pines,CO,î‚°(303) 683-7171
https://mcclintocktaxcpa.com/,Results,"îƒˆ4284 Wavy Oak Dr, Colorado Springs, CO 80908",Colorado Springs,CO,î‚°(719) 466-2828
http://www.thesbacpa.com/,Results,"îƒˆ8361 Sangre De Cristo Rd #110, Littleton, CO 80127",Littleton,CO,î‚°(303) 228-3169
https://www.k-analytics.com/,Results,"îƒˆ684 Orofino Dr, Castle Rock, CO 80108",Castle Rock,CO,î‚°(720) 470-3010
https://kozcpa.com/,Results,"îƒˆ19039 Plaza Dr Ste 230, Parker, CO 80134",Parker,CO,î‚°(720) 475-1798
https://www.ltjllc.com/?utm_source=google&utm_medium=google_business_profile&utm_campaign=website_click,Results,"îƒˆ413 Wilcox St STE 204, Castle Rock, CO 80104",Castle Rock,CO,î‚°(303) 663-1400
https://taxtimecpas.com/,Results,"îƒˆ165 Caprice Ct A, Castle Rock, CO 80109",Castle Rock,CO,î‚°(720) 828-6218
http://www.lovelandcpas.com/,Results,"îƒˆ365 E 27th St, Loveland, CO 80538",Loveland,CO,î‚°(970) 667-2555
http://www.baumcpas.com/,Results,"îƒˆ250 N Franklin St, Colorado Springs, CO 80903",Colorado Springs,CO,î‚°(719) 493-9499
https://zambaicpa.com/,Results,"îƒˆ11906 Barrett St, Parker, CO 80138",Parker,CO,î‚°(720) 270-6825
https://www.strategictaxaccountinggroup.com/,Results,"îƒˆ700 Larkspur Landing Cir Suite 199C, Larkspur, CA 94939",Larkspur,CA,î‚°(415) 645-5599
http://www.coloradotaxguy.com/,Results,"îƒˆ7501 Village Square Dr # 103, Castle Pines, CO 80108",Castle Pines,CO,î‚°(720) 204-1040
http://epiphanyfinancialservices.com/,Results,"îƒˆ3331 Fitch St, Castle Rock, CO 80109",Castle Rock,CO,î‚°(303) 359-7041
https://wilklowassociates.com/,Results,"îƒˆ5527 N Union Blvd #100, Colorado Springs, CO 80918",Colorado Springs,CO,î‚°(719) 260-0320
http://www.completecpasolutions.com/,Results,"îƒˆ7887 E Belleview Ave Suite #1100, Centennial, CO 80111",Centennial,CO,î‚°(303) 995-0336
https://torotaxes.com/locations/co201,Results,"îƒˆ201 S Wilcox St #200, Castle Rock, CO 80104",Castle Rock,CO,î‚°(720) 317-6877
https://synergycpadenver.com/?utm_source=google-gmb-maps&utm_medium=gmb-website-button&utm_campaign=locl.io&utm_content=3c87f7d5-eead-4c3b-a05c-0f944dbdc4a8,Results,"îƒˆ6300 S Syracuse Way Ste 150, Centennial, CO 80111",Centennial,CO,î‚°(303) 335-9692
http://hristopoulos.com/,Results,"îƒˆ6050 Greenwood Plaza Blvd STE 110, Greenwood Village, CO 80111",Greenwood Village,CO,î‚°(303) 831-7300
http://www.noonantax.com/,Results,"îƒˆ20971 E Smoky Hill Rd Suite 106, Aurora, CO 80015",Aurora,CO,î‚°(303) 695-0067
https://www.bakkecpa.com/,Results,"îƒˆ4610 S Ulster St Suite #150, Denver, CO 80237",Denver,CO,î‚°(720) 697-4742
http://www.ntaylorcpa.com/,Results,"îƒˆ15455 Gleneagle Dr suite 230, Colorado Springs, CO 80921",Colorado Springs,CO,î‚°(719) 596-6605
https://cpaschlanger.com/,Results,"îƒˆ8191 Southpark Ln UNIT 108, Littleton, CO 80120",Littleton,CO,î‚°(720) 295-8091
http://www.altitudecpa.com/,Results,"îƒˆ5350 N Academy Blvd # 100, Colorado Springs, CO 80918",Colorado Springs,CO,î‚°(719) 444-0770
https://www.thecocpa.com/,Results,"îƒˆ7600 E Arapahoe Rd #306, Centennial, CO 80112",Centennial,CO,î‚°(720) 519-0618
https://sorren.com/location/colorado-colorado-springs/,Results,"îƒˆ90 S Cascade Ave #700, Colorado Springs, CO 80903",Colorado Springs,CO,î‚°(719) 630-1186
http://www.drygcpas.com/,Results,"îƒˆ2755 N Garfield Ave, Loveland, CO 80538",Loveland,CO,î‚°(970) 663-2020
https://www.cpamorse.com/?utm_source=gmb&utm_medium=organic,Results,"îƒˆ7900 E Union Ave # 1100, Denver, CO 80237",Denver,CO,î‚°(303) 297-1660
https://www.hayniecpas.com/denver-colorado/?utm_source=GBPlisting&utm_medium=organic,Results,"îƒˆ1221 W Mineral Ave Unit 202, Littleton, CO 80120",Littleton,CO,î‚°(303) 734-4800
https://whipplewood.com/,Results,"îƒˆ11852 Shaffer Dr Building B, Littleton, CO 80127",Littleton,CO,î‚°(303) 989-7600
https://unique-accounting.com/,Results,"îƒˆ4610 S Ulster St Suite #150, Denver, CO 80237",Denver,CO,î‚°(303) 479-4909
https://www.biggskofford.com/,Results,"îƒˆ1975 Research Pkwy Ste 255, Colorado Springs, CO 80920",Colorado Springs,CO,î‚°(719) 579-9090
https://www.carsongrouptax.com/,Results,"îƒˆ13710 Struthers Rd Ste 220, Colorado Springs, CO 80921",Colorado Springs,CO,î‚°(719) 487-1200
https://www.180accounting.com/,Results,"îƒˆ16055 Old Forest Point #103, Monument, CO 80132",Monument,CO,î‚°(719) 495-9688
https://ledgersusa.com/castle-rock-co/,Results,"îƒˆ333 Perry St #206, Castle Rock, CO 80104",Castle Rock,CO,î‚°(720) 665-6651
https://www.blockadvisors.com/tax-office-near-me/colorado/castle-rock/4312/?otppartnerid=9308&campaignid=pw_mcm_9308_9762&utm_medium=local,Results,"îƒˆ4833 Front St Ste E, Castle Rock, CO 80104",Castle Rock,CO,î‚°(303) 660-3694
https://www.coach2consulting.com/,Results,"îƒˆ325 2nd St o, Monument, CO 80132",Monument,CO,î‚°(719) 985-7998
https://avisaccountingcpa.com/,Results,,Larkspur,CO,î‚°(719) 651-2952
https://muirfieldaccounting.com/contact/,Results,"îƒˆ2507 Red Hawk Ridge Dr, Castle Rock, CO 80109",Castle Rock,CO,î‚°(949) 683-5479
https://marpleaccounting.com/,Results,"îƒˆ310 E Cucharras St, Colorado Springs, CO 80903",Colorado Springs,CO,î‚°(719) 471-9035
https://www.rockymountainbooksandbalances.com/,Results,,Larkspur,CO,î‚°(719) 231-1098
http://cpnassociates.com/,Results,"îƒˆ10 Primrose St Unit # 279, Palmer Lake, CO 80133",Palmer Lake,CO,î‚°(970) 420-1120
http://firesideaccounting.com/,Results,"îƒˆ200 S Wilcox St #188, Castle Rock, CO 80104",Castle Rock,CO,î‚°(303) 816-8528
https://linktr.ee/adivinebookkeeping,Results,,Larkspur,CO,î‚°(719) 208-4489
http://www.cpa-firm-denver.com/,Results,"îƒˆ44 Cook St #100, Denver, CO 80206",Denver,CO,î‚°(303) 398-7099
http://lascpa.us/,Results,"îƒˆ2851 S Parker Rd #560, Aurora, CO 80014",Aurora,CO,î‚°(720) 592-0651
http://www.tclementscpa.com/,Results,"îƒˆ10730 E Bethany Dr Ste 370, Aurora, CO 80014",Aurora,CO,î‚°(303) 699-8111
https://www.hrblock.com/tax-office-near-me/colorado/castle-rock/7352/?otppartnerid=9308&campaignid=pw_mcm_9308_9762&utm_medium=local,Results,"îƒˆ190 S Wilcox St Ste 190e, Castle Rock, CO 80104",Castle Rock,CO,î‚°(303) 660-0251
https://afsnodebt.com/,Results,"îƒˆ14001 E Iliff Ave Ste 217, Aurora, CO 80014",Aurora,CO,î‚°(303) 745-3962
http://donstewartcpa.com/,Results,"îƒˆ3190 S Vaughn Way Suit 550, Aurora, CO 80014",Aurora,CO,î‚°(720) 726-6178
https://www.redhawktaxresolution.com/,Results,,Larkspur,CO,î‚°(720) 280-4574
http://padgettbusinessservices.com/denver,Results,"îƒˆ12510 E Iliff Ave Ste 205, Aurora, CO 80014",Aurora,CO,î‚°(303) 451-1040
https://www.bluejeansbookkeeping.com/,Results,,Larkspur,CO,î‚°(719) 425-9920
http://www.coregrowthstrategies.com/,Results,,Larkspur,CO,î‚°(888) 455-4199
http://www.kellyclark.tax/,Results,"îƒˆ56860 E Colfax Ave, Strasburg, CO 80136",Strasburg,CO,î‚°(720) 600-3064
https://essentialsaccounting.com/,Results,"îƒˆ6755 Earl Dr #201, Colorado Springs, CO 80918",Colorado Springs,CO,î‚°(719) 510-4450
http://absoluteacebookkeeping.com/,Results,,Larkspur,CO,î‚°(303) 881-6740
http://www.fosterbookkeeper.com/,Results,,Larkspur,CO,î‚°(707) 640-1285
http://meganjohnsonbookkeeping.com/,Results,,Larkspur,CO,î‚°(303) 870-2910
http://www.zimmermanfinancialservices.com/,Results,"îƒˆ19751 Mainstreet Ste 340, Parker, CO 80138",Parker,CO,î‚°(720) 484-5924
http://www.zaffore.com/,Results,"îƒˆ19755 Pikes Peak Avenue #101, Parker, CO 80138",Parker,CO,î‚°(303) 841-4920
https://www.peakas.com/,Results,"îƒˆTEC BUILDING, 11479 S Pine Dr, Parker, CO 80134",Parker,CO,î‚°(303) 351-2852
https://trakfinancialservices.com/,Results,"îƒˆ20969 Woodside Ln, Parker, CO 80138",Parker,CO,î‚°(720) 234-1957
http://www.muggacctg.com/contact.php,Results,"îƒˆ6110 Eldorado Ct, Parker, CO 80134",Parker,CO,î‚°(720) 733-8208
http://www.brownellscompany.com/,Results,"îƒˆ17000 S Golden Rd, Golden, CO 80401",Golden,CO,î‚°(303) 271-1234
http://www.enumeratebooks.com/,Results,,Larkspur,CO,î‚°(303) 489-1039
http://www.seyfertcpa.com/,Results,"îƒˆ10841 S Crossroads Dr, Parker, CO 80134",Parker,CO,î‚°(303) 668-6899
https://latitudeaccounting.com/,Results,"îƒˆ19751 Mainstreet, Parker, CO 80138",Parker,CO,î‚°(303) 330-1131
https://milehighcpa.com/,Results,,Larkspur,CO,î‚°(720) 218-3107
http://www.landauconsultingsolutions.com/contact.php,Results,"îƒˆ3138 McCracken Ln, Castle Rock, CO 80104",Castle Rock,CO,î‚°(303) 900-7997
https://rhyoline.com/,Results,"îƒˆ220 S Wilcox St #1793, Castle Rock, CO 80104",Castle Rock,CO,î‚°(719) 232-4653
https://www.walshtaxcompany.com/,Results,"îƒˆ430 Beacon Lite Rd, Monument, CO 80132",Monument,CO,î‚°(719) 481-6555
https://www.tailoredtaxandwealth.com/,Results,"îƒˆ19563 Mainstreet Ste 206A, Parker, CO 80138",Parker,CO,î‚°(720) 767-2141
https://www.tbaandassociates.com/,Results,,Larkspur,CO,î‚°(720) 333-7274
https://www.thomanomics.com/,Results,"îƒˆ236 Washington St Ste 5, Monument, CO 80132",Monument,CO,î‚°(719) 309-0057
http://rectorcpa.com/,Results,,Larkspur,CO,î‚°(719) 686-6840
https://topgunbookkeeping.com/,Results,"îƒˆ1421 Colebrook Ct, Castle Rock, CO 80109",Castle Rock,CO,î‚°(303) 257-7146
https://www.hrblock.com/tax-office-near-me/colorado/monument/7279/?otppartnerid=9308&campaignid=pw_mcm_9308_9762&utm_medium=local,Results,"îƒˆ1757 Lake Woodmoor Dr, Monument, CO 80132",Monument,CO,î‚°(719) 488-3545
http://remote-bookkeeper.com/,Results,"îƒˆ3155 Commerce Ct UNIT #E, Castle Rock, CO 80109",Castle Rock,CO,î‚°(720) 458-3105
https://www.robinsonandhenry.com/locations/castle-rock/,Results,"îƒˆ900 Castleton Rd #200, Castle Rock, CO 80109",Castle Rock,CO,î‚°(720) 594-5006
https://mlapg.com/monument-estate-planning-attorney,Results,"îƒˆ16055 Old Forest Point Ste 301, Monument, CO 80132",Monument,CO,î‚°(719) 428-4495
http://www.tsallencpa.com/,Results,"îƒˆ10940 S Parker Rd Suite 765, Parker, CO 80134",Parker,CO,î‚°(720) 617-1785
https://www.latitudetax.com/,Results,"îƒˆ9475 Briar Village Point #125, Colorado Springs, CO 80920",Colorado Springs,CO,î‚°(719) 457-5317
https://lutzhoenig.com/,Results,"îƒˆ88 Inverness Cir E Suite L 101, Englewood, CO 80112",Englewood,CO,î‚°(303) 794-8171
http://www.mmillercpa.com/,Results,"îƒˆ8120 S Holly St Ste 200, Centennial, CO 80122",Centennial,CO,î‚°(720) 534-2272
https://www.answers.cpa/,Results,"îƒˆ1755 Telstar Dr 3rd floor, Colorado Springs, CO 80920",Colorado Springs,CO,î‚°(719) 418-6191
https://whipplewoodcpas.com/,Results,"îƒˆ11852 Shaffer Dr Building D, Littleton, CO 80127",Littleton,CO,î‚°(303) 989-7600
https://www.robinson-jones.com/,Results,"îƒˆ133 Co Rd 17 Ste E2A, Elizabeth, CO 80107",Elizabeth,CO,î‚°(303) 646-2088
https://balcerzakfinancial.com/,Results,"îƒˆ6455 S Yosemite St Ste 440, Greenwood Village, CO 80111",Greenwood Village,CO,î‚°(303) 753-0844
http://www.rjw-cpa.com/,Results,"îƒˆ1277 Kelly Johnson Blvd #170, Colorado Springs, CO 80920",Colorado Springs,CO,î‚°(719) 522-9000
http://kclarkcpa.com/,Results,"îƒˆ10233 S Parker Rd Suite 300, Parker, CO 80134",Parker,CO,î‚°(303) 862-4169
http://westgrouppc.com/,Results,"îƒˆ3870 Mark Dabling Blvd, Colorado Springs, CO 80907",Colorado Springs,CO,î‚°(719) 634-8200
https://mobiletaxfiler.com/,Results,,Larkspur,CO,î‚°(720) 576-8438
https://www.exceltaxaccounting.com/,Results,"îƒˆ7501 Village Square Dr, Castle Pines, CO 80108",Castle Pines,CO,î‚°(720) 328-1324
https://www.thomsonreuters.com/,Results,"îƒˆ9950 Top O the Moor Dr W, Monument, CO 80132",Monument,CO,î‚°(719) 488-0004
https://www.hiattaccountinggroup.com/,Results,,Larkspur,CO,î‚°(720) 595-9473
https://aspentaxpros.biz/,Results,,Larkspur,CO,î‚°(720) 916-7643
https://www.libertytax.com/16306,Results,"îƒˆ714 S Perry St A, Castle Rock, CO 80104",Castle Rock,CO,î‚°(720) 279-8430
https://kleintaxes.com/,Results,"îƒˆ700 Larkspur Landing Cir, Larkspur, CA 94939",Larkspur,CA,î‚°(415) 634-5155
http://allybeeservices.com/,Results,"îƒˆ2547 Horsehound Pl, Castle Rock, CO 80104",Castle Rock,CO,î‚°(727) 307-7385
https://kleinaccounting.com/,Results,"îƒˆ9609 S University Blvd #630170, Littleton, CO 80130",Littleton,CO,î‚°(303) 396-2167
https://office.jacksonhewitt.com/tax-preparation-services-locations/en/co/monument/16218-jackson-creek-parkway/53227?utm_source=google&utm_medium=local&utm_campaign=local&utm_content=53227,Results,"îƒˆ16218 Jackson Creek Pkwy, Monument, CO 80132",Monument,CO,î‚°(719) 578-9100
http://coloradotaxcenter.com/,Results,"îƒˆ718 North Wilcox St, Castle Rock, CO 80104",Castle Rock,CO,î‚°(303) 688-4786
https://lifetime.estate/,Results,"îƒˆ200 S Wilcox St Ste 206, Castle Rock, CO 80104",Castle Rock,CO,î‚°(866) 463-2946
https://www.polzin.tax/,Results,,Larkspur,CO,î‚°(720) 541-2415
